allele,peptide,protein,core,virus,cvp,cvp_seq,cvp_core,blosum,max_blosum,mix,cvp_mix,maria,cvp_maria
DQA1*02:01-DQB1*02:02,VPYRATFIADNELWV,STRADA_2,TFIADNELW,BKV,BKV-lT,EEWESWWSSFNEKWD,WWSSFNEKW,15,51,0.758,0.019,97.29,95.87
DQA1*02:01-DQB1*02:02,SDIYSVGITACELAN,STRADA_2,IYSVGITAC,BKV,BKV-VP2,LVASVSEAAAATGFS,VASVSEAAA,10,47,1.88,1.78,97.03,97.94
DQA1*02:01-DQB1*02:02,DTRRKTNDASSESIA,STRADA_2,TNDASSESI,BKV,BKV-VP1,LHVTNTATTVLLDEQ,TNTATTVLL,14,42,1.38,0.447,99.27,99.52
DQA1*02:01-DQB1*02:02,TRRKTNDASSESIAS,STRADA_2,TNDASSESI,BKV,BKV-VP1,LHVTNTATTVLLDEQ,TNTATTVLL,14,42,0.846,0.447,96.87,99.52
DQA1*02:01-DQB1*02:02,VPYRATFIADNELWV,STRADA_2,TFIADNELW,BKV,BKV-lT,EEWESWWSSFNEKWD,WWSSFNEKW,15,51,0.758,0.019,97.29,95.87
DQA1*02:01-DQB1*02:02,SDIYSVGITACELAN,STRADA_2,IYSVGITAC,BKV,BKV-VP2,LVASVSEAAAATGFS,VASVSEAAA,10,47,1.88,1.78,97.03,97.94
DQA1*02:01-DQB1*02:02,GIFGLVTNLEELEVD,STRADA_2,LVTNLEELE,RSV,RSV-L,ESIGSLTQELEYRGE,IGSLTQELE,12,42,1.04,0.596,98.5,97.27
DQA1*02:01-DQB1*02:02,GLVTNLEELEVDDWE,STRADA_2,LEELEVDDW,RSV,RSV-L,LKDKLQDLSDDRLNK,LQDLSDDRL,11,50,1.37,1.2,97.39,97.12
DQA1*02:01-DQB1*02:02,KTLTGKTITLEVEPS,UBC,TITLEVEPS,RSV,RSV-F,GWYTSVITIELSNIK,VITIELSNI,13,43,0.106,0.0185,98.98,99.11
DQA1*02:01-DQB1*02:02,TLTGKTITLEVEPSD,UBC,TITLEVEPS,RSV,RSV-F,GWYTSVITIELSNIK,VITIELSNI,13,43,0.106,0.0185,99.25,99.11
DQA1*02:01-DQB1*02:02,LTGKTITLEVEPSDT,UBC,TITLEVEPS,RSV,RSV-F,GWYTSVITIELSNIK,VITIELSNI,13,43,0.0143,0.0185,99.52,99.11
DQA1*02:01-DQB1*02:02,TGKTITLEVEPSDTI,UBC,TITLEVEPS,RSV,RSV-F,GWYTSVITIELSNIK,VITIELSNI,13,43,0.23,0.0185,97.53,99.11
DQA1*02:01-DQB1*02:02,GKTITLEVEPSDTIE,UBC,TITLEVEPS,RSV,RSV-F,GWYTSVITIELSNIK,VITIELSNI,13,43,0.105,0.0185,99.36,99.11
DQA1*02:01-DQB1*02:02,KTITLEVEPSDTIEN,UBC,TITLEVEPS,RSV,RSV-F,GWYTSVITIELSNIK,VITIELSNI,13,43,0.153,0.0185,97.35,99.11
DQA1*02:01-DQB1*02:02,KTLTGKTITLEVEPS,UBC,TITLEVEPS,RSV,RSV-F,GWYTSVITIELSNIK,VITIELSNI,13,43,0.106,0.0185,98.98,99.11
DQA1*02:01-DQB1*02:02,TLTGKTITLEVEPSD,UBC,TITLEVEPS,RSV,RSV-F,GWYTSVITIELSNIK,VITIELSNI,13,43,0.106,0.0185,99.25,99.11
DQA1*02:01-DQB1*02:02,LTGKTITLEVEPSDT,UBC,TITLEVEPS,RSV,RSV-F,GWYTSVITIELSNIK,VITIELSNI,13,43,0.0143,0.0185,99.52,99.11
DQA1*02:01-DQB1*02:02,TGKTITLEVEPSDTI,UBC,TITLEVEPS,RSV,RSV-F,GWYTSVITIELSNIK,VITIELSNI,13,43,0.23,0.0185,97.53,99.11
DQA1*02:01-DQB1*02:02,GKTITLEVEPSDTIE,UBC,TITLEVEPS,RSV,RSV-F,GWYTSVITIELSNIK,VITIELSNI,13,43,0.105,0.0185,99.36,99.11
DQA1*02:01-DQB1*02:02,KTITLEVEPSDTIEN,UBC,TITLEVEPS,RSV,RSV-F,GWYTSVITIELSNIK,VITIELSNI,13,43,0.153,0.0185,97.35,99.11
DQA1*02:01-DQB1*02:02,KTLTGKTITLEVEPS,UBC,TITLEVEPS,RSV,RSV-F,GWYTSVITIELSNIK,VITIELSNI,13,43,0.106,0.0185,98.98,99.11
DQA1*02:01-DQB1*02:02,TLTGKTITLEVEPSD,UBC,TITLEVEPS,RSV,RSV-F,GWYTSVITIELSNIK,VITIELSNI,13,43,0.106,0.0185,99.25,99.11
DQA1*02:01-DQB1*02:02,LTGKTITLEVEPSDT,UBC,TITLEVEPS,RSV,RSV-F,GWYTSVITIELSNIK,VITIELSNI,13,43,0.0143,0.0185,99.52,99.11
DQA1*02:01-DQB1*02:02,TGKTITLEVEPSDTI,UBC,TITLEVEPS,RSV,RSV-F,GWYTSVITIELSNIK,VITIELSNI,13,43,0.23,0.0185,97.53,99.11
DQA1*02:01-DQB1*02:02,GKTITLEVEPSDTIE,UBC,TITLEVEPS,RSV,RSV-F,GWYTSVITIELSNIK,VITIELSNI,13,43,0.105,0.0185,99.36,99.11
DQA1*02:01-DQB1*02:02,KTITLEVEPSDTIEN,UBC,TITLEVEPS,RSV,RSV-F,GWYTSVITIELSNIK,VITIELSNI,13,43,0.153,0.0185,97.35,99.11
DQA1*02:01-DQB1*02:02,KTLTGKTITLEVEPS,UBC,TITLEVEPS,RSV,RSV-F,GWYTSVITIELSNIK,VITIELSNI,13,43,0.106,0.0185,98.98,99.11
DQA1*02:01-DQB1*02:02,TLTGKTITLEVEPSD,UBC,TITLEVEPS,RSV,RSV-F,GWYTSVITIELSNIK,VITIELSNI,13,43,0.106,0.0185,99.25,99.11
DQA1*02:01-DQB1*02:02,LTGKTITLEVEPSDT,UBC,TITLEVEPS,RSV,RSV-F,GWYTSVITIELSNIK,VITIELSNI,13,43,0.0143,0.0185,99.52,99.11
DQA1*02:01-DQB1*02:02,TGKTITLEVEPSDTI,UBC,TITLEVEPS,RSV,RSV-F,GWYTSVITIELSNIK,VITIELSNI,13,43,0.23,0.0185,97.53,99.11
DQA1*02:01-DQB1*02:02,GKTITLEVEPSDTIE,UBC,TITLEVEPS,RSV,RSV-F,GWYTSVITIELSNIK,VITIELSNI,13,43,0.105,0.0185,99.36,99.11
DQA1*02:01-DQB1*02:02,KTITLEVEPSDTIEN,UBC,TITLEVEPS,RSV,RSV-F,GWYTSVITIELSNIK,VITIELSNI,13,43,0.153,0.0185,97.35,99.11
DQA1*02:01-DQB1*02:02,KTLTGKTITLEVEPS,UBC,TITLEVEPS,RSV,RSV-F,GWYTSVITIELSNIK,VITIELSNI,13,43,0.106,0.0185,98.98,99.11
DQA1*02:01-DQB1*02:02,TLTGKTITLEVEPSD,UBC,TITLEVEPS,RSV,RSV-F,GWYTSVITIELSNIK,VITIELSNI,13,43,0.106,0.0185,99.25,99.11
DQA1*02:01-DQB1*02:02,LTGKTITLEVEPSDT,UBC,TITLEVEPS,RSV,RSV-F,GWYTSVITIELSNIK,VITIELSNI,13,43,0.0143,0.0185,99.52,99.11
DQA1*02:01-DQB1*02:02,TGKTITLEVEPSDTI,UBC,TITLEVEPS,RSV,RSV-F,GWYTSVITIELSNIK,VITIELSNI,13,43,0.23,0.0185,97.53,99.11
DQA1*02:01-DQB1*02:02,GKTITLEVEPSDTIE,UBC,TITLEVEPS,RSV,RSV-F,GWYTSVITIELSNIK,VITIELSNI,13,43,0.105,0.0185,99.36,99.11
DQA1*02:01-DQB1*02:02,KTITLEVEPSDTIEN,UBC,TITLEVEPS,RSV,RSV-F,GWYTSVITIELSNIK,VITIELSNI,13,43,0.153,0.0185,97.35,99.11
DQA1*02:01-DQB1*02:02,KTLTGKTITLEVEPS,UBC,TITLEVEPS,RSV,RSV-F,GWYTSVITIELSNIK,VITIELSNI,13,43,0.106,0.0185,98.98,99.11
DQA1*02:01-DQB1*02:02,TLTGKTITLEVEPSD,UBC,TITLEVEPS,RSV,RSV-F,GWYTSVITIELSNIK,VITIELSNI,13,43,0.106,0.0185,99.25,99.11
DQA1*02:01-DQB1*02:02,LTGKTITLEVEPSDT,UBC,TITLEVEPS,RSV,RSV-F,GWYTSVITIELSNIK,VITIELSNI,13,43,0.0143,0.0185,99.52,99.11
DQA1*02:01-DQB1*02:02,TGKTITLEVEPSDTI,UBC,TITLEVEPS,RSV,RSV-F,GWYTSVITIELSNIK,VITIELSNI,13,43,0.23,0.0185,97.53,99.11
DQA1*02:01-DQB1*02:02,GKTITLEVEPSDTIE,UBC,TITLEVEPS,RSV,RSV-F,GWYTSVITIELSNIK,VITIELSNI,13,43,0.105,0.0185,99.36,99.11
DQA1*02:01-DQB1*02:02,KTITLEVEPSDTIEN,UBC,TITLEVEPS,RSV,RSV-F,GWYTSVITIELSNIK,VITIELSNI,13,43,0.153,0.0185,97.35,99.11
DQA1*02:01-DQB1*02:02,KTLTGKTITLEVEPS,UBC,TITLEVEPS,RSV,RSV-F,GWYTSVITIELSNIK,VITIELSNI,13,43,0.106,0.0185,98.98,99.11
DQA1*02:01-DQB1*02:02,TLTGKTITLEVEPSD,UBC,TITLEVEPS,RSV,RSV-F,GWYTSVITIELSNIK,VITIELSNI,13,43,0.106,0.0185,99.25,99.11
DQA1*02:01-DQB1*02:02,LTGKTITLEVEPSDT,UBC,TITLEVEPS,RSV,RSV-F,GWYTSVITIELSNIK,VITIELSNI,13,43,0.0143,0.0185,99.52,99.11
DQA1*02:01-DQB1*02:02,TGKTITLEVEPSDTI,UBC,TITLEVEPS,RSV,RSV-F,GWYTSVITIELSNIK,VITIELSNI,13,43,0.23,0.0185,97.53,99.11
DQA1*02:01-DQB1*02:02,GKTITLEVEPSDTIE,UBC,TITLEVEPS,RSV,RSV-F,GWYTSVITIELSNIK,VITIELSNI,13,43,0.105,0.0185,99.36,99.11
DQA1*02:01-DQB1*02:02,KTITLEVEPSDTIEN,UBC,TITLEVEPS,RSV,RSV-F,GWYTSVITIELSNIK,VITIELSNI,13,43,0.153,0.0185,97.35,99.11
DQA1*02:01-DQB1*02:02,KTLTGKTITLEVEPS,UBC,TITLEVEPS,RSV,RSV-F,GWYTSVITIELSNIK,VITIELSNI,13,43,0.106,0.0185,98.98,99.11
DQA1*02:01-DQB1*02:02,TLTGKTITLEVEPSD,UBC,TITLEVEPS,RSV,RSV-F,GWYTSVITIELSNIK,VITIELSNI,13,43,0.106,0.0185,99.25,99.11
DQA1*02:01-DQB1*02:02,LTGKTITLEVEPSDT,UBC,TITLEVEPS,RSV,RSV-F,GWYTSVITIELSNIK,VITIELSNI,13,43,0.0143,0.0185,99.52,99.11
DQA1*02:01-DQB1*02:02,TGKTITLEVEPSDTI,UBC,TITLEVEPS,RSV,RSV-F,GWYTSVITIELSNIK,VITIELSNI,13,43,0.23,0.0185,97.53,99.11
DQA1*02:01-DQB1*02:02,GKTITLEVEPSDTIE,UBC,TITLEVEPS,RSV,RSV-F,GWYTSVITIELSNIK,VITIELSNI,13,43,0.105,0.0185,99.36,99.11
DQA1*02:01-DQB1*02:02,KTITLEVEPSDTIEN,UBC,TITLEVEPS,RSV,RSV-F,GWYTSVITIELSNIK,VITIELSNI,13,43,0.153,0.0185,97.35,99.11
DQA1*02:01-DQB1*02:02,KTLTGKTITLEVEPS,UBC,TITLEVEPS,RSV,RSV-F,GWYTSVITIELSNIK,VITIELSNI,13,43,0.106,0.0185,98.98,99.11
DQA1*02:01-DQB1*02:02,TLTGKTITLEVEPSD,UBC,TITLEVEPS,RSV,RSV-F,GWYTSVITIELSNIK,VITIELSNI,13,43,0.106,0.0185,99.25,99.11
DQA1*02:01-DQB1*02:02,LTGKTITLEVEPSDT,UBC,TITLEVEPS,RSV,RSV-F,GWYTSVITIELSNIK,VITIELSNI,13,43,0.0143,0.0185,99.52,99.11
DQA1*02:01-DQB1*02:02,TGKTITLEVEPSDTI,UBC,TITLEVEPS,RSV,RSV-F,GWYTSVITIELSNIK,VITIELSNI,13,43,0.23,0.0185,97.53,99.11
DQA1*02:01-DQB1*02:02,GKTITLEVEPSDTIE,UBC,TITLEVEPS,RSV,RSV-F,GWYTSVITIELSNIK,VITIELSNI,13,43,0.105,0.0185,99.36,99.11
DQA1*02:01-DQB1*02:02,KTITLEVEPSDTIEN,UBC,TITLEVEPS,RSV,RSV-F,GWYTSVITIELSNIK,VITIELSNI,13,43,0.153,0.0185,97.35,99.11
DQA1*02:01-DQB1*02:02,SPSTSGGSSDGDQRE,UBE2E2_3,GSSDGDQRE,CMV,CMV-UL30A,AAFYRTLSDSEQQEF,TLSDSEQQE,19,47,0.869,0.762,99.18,99.15
DQA1*02:01-DQB1*02:02,GDQRESVQQEPEREQ,UBE2E2_3,SVQQEPERE,BKV,BKV-VP1,AENDFSSDSPERKML,FSSDSPERK,14,45,0.618,0.566,99.66,95.03
DQA1*02:01-DQB1*02:02,NPADPLVGSIATQYM,UBE2E2_3,VGSIATQYM,CMV,CMV-UL150A,GELVGSVVAYVILER,VGSVVAYVI,16,44,0.47,0.561,95.85,95.23
DQA1*02:01-DQB1*02:02,SPSTSGGSSDGDQRE,UBE2E2_3,GSSDGDQRE,CMV,CMV-UL30A,AAFYRTLSDSEQQEF,TLSDSEQQE,19,47,0.869,0.762,99.18,99.15
DQA1*02:01-DQB1*02:02,GDQRESVQQEPEREQ,UBE2E2_3,SVQQEPERE,BKV,BKV-VP1,AENDFSSDSPERKML,FSSDSPERK,14,45,0.618,0.566,99.66,95.03
DQA1*02:01-DQB1*02:02,SPSTSGGSSDGDQRE,UBE2E2_3,GSSDGDQRE,CMV,CMV-UL30A,AAFYRTLSDSEQQEF,TLSDSEQQE,19,47,0.869,0.762,99.18,99.15
DQA1*02:01-DQB1*02:02,GDQRESVQQEPEREQ,UBE2E2_3,SVQQEPERE,BKV,BKV-VP1,AENDFSSDSPERKML,FSSDSPERK,14,45,0.618,0.566,99.66,95.03
DQA1*02:01-DQB1*02:02,NPADPLVGSIATQYM,UBE2E2_3,VGSIATQYM,CMV,CMV-UL150A,GELVGSVVAYVILER,VGSVVAYVI,16,44,0.47,0.561,95.85,95.23
DQA1*02:01-DQB1*02:02,GGKFQFETEVPDAYN,UBE2F_1,FETEVPDAY,BKV,BKV-VP1,AENDFSSDSPERKML,FSSDSPERK,13,49,1.62,0.566,99.79,95.03
DQA1*02:01-DQB1*02:02,GKFQFETEVPDAYNM,UBE2F_1,FETEVPDAY,BKV,BKV-VP1,AENDFSSDSPERKML,FSSDSPERK,13,49,0.397,0.566,97.79,95.03
DQA1*02:01-DQB1*02:02,TGWAPTRTLKDVVWG,UBE2F_1,TRTLKDVVW,BKV,BKV-VP3,WGPSLFATISQALWH,FATISQALW,16,49,0.341,0.317,96.59,99.22
DQA1*02:01-DQB1*02:02,DVVWGLNSLFTDLLN,UBE2F_1,LNSLFTDLL,BKV,BKV-VP1,KNPYPISFLLSDLIN,ISFLLSDLI,18,43,0.0642,0.217,95.96,96.29
DQA1*02:01-DQB1*02:02,YQRLLQTIAVLEAQR,ZZZ3_11,LQTIAVLEA,CMV,CMV-UL150A,FKEALWDVALLEVPR,LWDVALLEV,18,39,0.581,1.3,99.11,95.07
DQA1*02:01-DQB1*02:02,LEAQRSQAVQDLESL,ZZZ3_11,QRSQAVQDL,BKV,BKV-VP2,VGLYQQSGMALELFN,QQSGMALEL,11,42,1.39,0.743,97.24,95.47
DQA1*02:01-DQB1*02:02,EAQRSQAVQDLESLG,ZZZ3_11,QRSQAVQDL,BKV,BKV-VP2,VGLYQQSGMALELFN,QQSGMALEL,11,42,0.912,0.743,99.25,95.47
DQA1*02:01-DQB1*02:02,IVWDQYTHSLGNFER,ZZZ3_11,QYTHSLGNF,RSV,RSV-F,GWYTSVITIELSNIK,VITIELSNI,9,51,1.76,0.0185,98.94,99.11
DQA1*02:01-DQB1*02:02,FHSHMNTAVEDASDD,ZZZ3_11,MNTAVEDAS,RSV,RSV-L,DNSVITTIIKDDILL,ITTIIKDDI,11,43,0.578,1.68,99.05,96.26
DQA1*02:01-DQB1*02:02,TAVEDASDDESIPIM,ZZZ3_11,VEDASDDES,RSV,RSV-L,LKDKLQDLSDDRLNK,LQDLSDDRL,22,44,0.924,1.2,97.92,97.12
HLA-DRB1*07:01,KPERIRRWVSEKFIV,STRADA_2,IRRWVSEKF,RSV,RSV-N,SSKYTIQRSTGDSID,IQRSTGDSI,9,49,0.657,1.29,96.436,97.607
HLA-DRB1*07:01,KPERIRRWVSEKFIV,STRADA_2,IRRWVSEKF,RSV,RSV-N,SSKYTIQRSTGDSID,IQRSTGDSI,9,49,0.657,1.29,96.436,97.607
HLA-DRB1*07:01,MQIFVKTLTGKTITL,UBC,FVKTLTGKT,CMV,CMV-UL30A,DFAAFYRTLSDSEQQ,FYRTLSDSE,15,45,1.22,0.708,99.68,95.304
HLA-DRB1*07:01,SDYNIQKESTLHLVL,UBC,IQKESTLHL,RSV,RSV-N,SSKYTIQRSTGDSID,IQRSTGDSI,7,44,1.06,1.29,99.389,97.607
HLA-DRB1*07:01,GMQIFVKTLTGKTIT,UBC,FVKTLTGKT,CMV,CMV-UL30A,DFAAFYRTLSDSEQQ,FYRTLSDSE,15,45,0.886,0.708,99.379,95.304
HLA-DRB1*07:01,MQIFVKTLTGKTITL,UBC,FVKTLTGKT,CMV,CMV-UL30A,DFAAFYRTLSDSEQQ,FYRTLSDSE,15,45,1.22,0.708,99.68,95.304
HLA-DRB1*07:01,SDYNIQKESTLHLVL,UBC,IQKESTLHL,RSV,RSV-N,SSKYTIQRSTGDSID,IQRSTGDSI,7,44,1.06,1.29,99.389,97.607
HLA-DRB1*07:01,GMQIFVKTLTGKTIT,UBC,FVKTLTGKT,CMV,CMV-UL30A,DFAAFYRTLSDSEQQ,FYRTLSDSE,15,45,0.886,0.708,99.379,95.304
HLA-DRB1*07:01,MQIFVKTLTGKTITL,UBC,FVKTLTGKT,CMV,CMV-UL30A,DFAAFYRTLSDSEQQ,FYRTLSDSE,15,45,1.22,0.708,99.68,95.304
HLA-DRB1*07:01,SDYNIQKESTLHLVL,UBC,IQKESTLHL,RSV,RSV-N,SSKYTIQRSTGDSID,IQRSTGDSI,7,44,1.06,1.29,99.389,97.607
HLA-DRB1*07:01,GMQIFVKTLTGKTIT,UBC,FVKTLTGKT,CMV,CMV-UL30A,DFAAFYRTLSDSEQQ,FYRTLSDSE,15,45,0.886,0.708,99.379,95.304
HLA-DRB1*07:01,MQIFVKTLTGKTITL,UBC,FVKTLTGKT,CMV,CMV-UL30A,DFAAFYRTLSDSEQQ,FYRTLSDSE,15,45,1.22,0.708,99.68,95.304
HLA-DRB1*07:01,SDYNIQKESTLHLVL,UBC,IQKESTLHL,RSV,RSV-N,SSKYTIQRSTGDSID,IQRSTGDSI,7,44,1.06,1.29,99.389,97.607
HLA-DRB1*07:01,GMQIFVKTLTGKTIT,UBC,FVKTLTGKT,CMV,CMV-UL30A,DFAAFYRTLSDSEQQ,FYRTLSDSE,15,45,0.886,0.708,99.379,95.304
HLA-DRB1*07:01,MQIFVKTLTGKTITL,UBC,FVKTLTGKT,CMV,CMV-UL30A,DFAAFYRTLSDSEQQ,FYRTLSDSE,15,45,1.22,0.708,99.68,95.304
HLA-DRB1*07:01,SDYNIQKESTLHLVL,UBC,IQKESTLHL,RSV,RSV-N,SSKYTIQRSTGDSID,IQRSTGDSI,7,44,1.06,1.29,99.389,97.607
HLA-DRB1*07:01,GMQIFVKTLTGKTIT,UBC,FVKTLTGKT,CMV,CMV-UL30A,DFAAFYRTLSDSEQQ,FYRTLSDSE,15,45,0.886,0.708,99.379,95.304
HLA-DRB1*07:01,MQIFVKTLTGKTITL,UBC,FVKTLTGKT,CMV,CMV-UL30A,DFAAFYRTLSDSEQQ,FYRTLSDSE,15,45,1.22,0.708,99.68,95.304
HLA-DRB1*07:01,SDYNIQKESTLHLVL,UBC,IQKESTLHL,RSV,RSV-N,SSKYTIQRSTGDSID,IQRSTGDSI,7,44,1.06,1.29,99.389,97.607
HLA-DRB1*07:01,GMQIFVKTLTGKTIT,UBC,FVKTLTGKT,CMV,CMV-UL30A,DFAAFYRTLSDSEQQ,FYRTLSDSE,15,45,0.886,0.708,99.379,95.304
HLA-DRB1*07:01,MQIFVKTLTGKTITL,UBC,FVKTLTGKT,CMV,CMV-UL30A,DFAAFYRTLSDSEQQ,FYRTLSDSE,15,45,1.22,0.708,99.68,95.304
HLA-DRB1*07:01,SDYNIQKESTLHLVL,UBC,IQKESTLHL,RSV,RSV-N,SSKYTIQRSTGDSID,IQRSTGDSI,7,44,1.06,1.29,99.389,97.607
HLA-DRB1*07:01,GMQIFVKTLTGKTIT,UBC,FVKTLTGKT,CMV,CMV-UL30A,DFAAFYRTLSDSEQQ,FYRTLSDSE,15,45,0.886,0.708,99.379,95.304
HLA-DRB1*07:01,MQIFVKTLTGKTITL,UBC,FVKTLTGKT,CMV,CMV-UL30A,DFAAFYRTLSDSEQQ,FYRTLSDSE,15,45,1.22,0.708,99.68,95.304
HLA-DRB1*07:01,SDYNIQKESTLHLVL,UBC,IQKESTLHL,RSV,RSV-N,SSKYTIQRSTGDSID,IQRSTGDSI,7,44,1.06,1.29,99.389,97.607
HLA-DRB1*07:01,GMQIFVKTLTGKTIT,UBC,FVKTLTGKT,CMV,CMV-UL30A,DFAAFYRTLSDSEQQ,FYRTLSDSE,15,45,0.886,0.708,99.379,95.304
HLA-DRB1*07:01,MQIFVKTLTGKTITL,UBC,FVKTLTGKT,CMV,CMV-UL30A,DFAAFYRTLSDSEQQ,FYRTLSDSE,15,45,1.22,0.708,99.68,95.304
HLA-DRB1*07:01,SDYNIQKESTLHLVL,UBC,IQKESTLHL,RSV,RSV-N,SSKYTIQRSTGDSID,IQRSTGDSI,7,44,1.06,1.29,99.389,97.607
HLA-DRB1*07:01,GPKGDNIYEWRSTIL,UBE2E2_3,IYEWRSTIL,RSV,RSV-M,GPSLRVMINSRSAVL,MINSRSAVL,13,49,0.722,0.847,96.416,97.527
HLA-DRB1*07:01,PKGDNIYEWRSTILG,UBE2E2_3,IYEWRSTIL,RSV,RSV-M,GPSLRVMINSRSAVL,MINSRSAVL,13,49,1.29,0.847,97.968,97.527
HLA-DRB1*07:01,KGDNIYEWRSTILGP,UBE2E2_3,IYEWRSTIL,RSV,RSV-M,GPSLRVMINSRSAVL,MINSRSAVL,13,49,0.441,0.847,97.026,97.527
HLA-DRB1*07:01,GDNIYEWRSTILGPP,UBE2E2_3,IYEWRSTIL,RSV,RSV-M,GPSLRVMINSRSAVL,MINSRSAVL,13,49,0.196,0.847,99.549,97.527
HLA-DRB1*07:01,DNIYEWRSTILGPPG,UBE2E2_3,IYEWRSTIL,RSV,RSV-M,GPSLRVMINSRSAVL,MINSRSAVL,13,49,0.0365,0.847,99.76,97.527
HLA-DRB1*07:01,NIYEWRSTILGPPGS,UBE2E2_3,IYEWRSTIL,RSV,RSV-M,GPSLRVMINSRSAVL,MINSRSAVL,13,49,0.956,0.847,97.918,97.527
HLA-DRB1*07:01,GVFFLDITFSPDYPF,UBE2E2_3,LDITFSPDY,RSV,RSV-L,KKLIKITGSLLYNFH,IKITGSLLY,11,49,1.77,0.212,95.895,95.314
HLA-DRB1*07:01,GPKGDNIYEWRSTIL,UBE2E2_3,IYEWRSTIL,RSV,RSV-M,GPSLRVMINSRSAVL,MINSRSAVL,13,49,0.722,0.847,96.416,97.527
HLA-DRB1*07:01,PKGDNIYEWRSTILG,UBE2E2_3,IYEWRSTIL,RSV,RSV-M,GPSLRVMINSRSAVL,MINSRSAVL,13,49,1.29,0.847,97.968,97.527
HLA-DRB1*07:01,KGDNIYEWRSTILGP,UBE2E2_3,IYEWRSTIL,RSV,RSV-M,GPSLRVMINSRSAVL,MINSRSAVL,13,49,0.441,0.847,97.026,97.527
HLA-DRB1*07:01,GDNIYEWRSTILGPP,UBE2E2_3,IYEWRSTIL,RSV,RSV-M,GPSLRVMINSRSAVL,MINSRSAVL,13,49,0.196,0.847,99.549,97.527
HLA-DRB1*07:01,DNIYEWRSTILGPPG,UBE2E2_3,IYEWRSTIL,RSV,RSV-M,GPSLRVMINSRSAVL,MINSRSAVL,13,49,0.0365,0.847,99.76,97.527
HLA-DRB1*07:01,NIYEWRSTILGPPGS,UBE2E2_3,IYEWRSTIL,RSV,RSV-M,GPSLRVMINSRSAVL,MINSRSAVL,13,49,0.956,0.847,97.918,97.527
HLA-DRB1*07:01,GVFFLDITFSPDYPF,UBE2E2_3,LDITFSPDY,RSV,RSV-L,KKLIKITGSLLYNFH,IKITGSLLY,11,49,1.77,0.212,95.895,95.314
HLA-DRB1*07:01,GDFEAWPALPPSQLK,UBE2E2_2,FEAWPALPP,RSV,RSV-L,KQDLYNLFPTVVIDK,YNLFPTVVI,6,55,1.88,0.29,96.075,95.044
HLA-DRB1*07:01,GPKGDNIYEWRSTIL,UBE2E2_3,IYEWRSTIL,RSV,RSV-M,GPSLRVMINSRSAVL,MINSRSAVL,13,49,0.722,0.847,96.416,97.527
HLA-DRB1*07:01,PKGDNIYEWRSTILG,UBE2E2_3,IYEWRSTIL,RSV,RSV-M,GPSLRVMINSRSAVL,MINSRSAVL,13,49,1.29,0.847,97.968,97.527
HLA-DRB1*07:01,KGDNIYEWRSTILGP,UBE2E2_3,IYEWRSTIL,RSV,RSV-M,GPSLRVMINSRSAVL,MINSRSAVL,13,49,0.441,0.847,97.026,97.527
HLA-DRB1*07:01,GDNIYEWRSTILGPP,UBE2E2_3,IYEWRSTIL,RSV,RSV-M,GPSLRVMINSRSAVL,MINSRSAVL,13,49,0.196,0.847,99.549,97.527
HLA-DRB1*07:01,DNIYEWRSTILGPPG,UBE2E2_3,IYEWRSTIL,RSV,RSV-M,GPSLRVMINSRSAVL,MINSRSAVL,13,49,0.0365,0.847,99.76,97.527
HLA-DRB1*07:01,NIYEWRSTILGPPGS,UBE2E2_3,IYEWRSTIL,RSV,RSV-M,GPSLRVMINSRSAVL,MINSRSAVL,13,49,0.956,0.847,97.918,97.527
HLA-DRB1*07:01,GVFFLDITFSPDYPF,UBE2E2_3,LDITFSPDY,RSV,RSV-L,KKLIKITGSLLYNFH,IKITGSLLY,11,49,1.77,0.212,95.895,95.314
HLA-DRB1*07:01,DGTGWAPTRTLKDVV,UBE2F_1,WAPTRTLKD,CMV,CMV-UL8,YDGNYEFTETANTTR,YEFTETANT,5,52,1.32,0.788,98.919,99.66
HLA-DRB1*07:01,GTGWAPTRTLKDVVW,UBE2F_1,WAPTRTLKD,CMV,CMV-UL8,YDGNYEFTETANTTR,YEFTETANT,5,52,1.65,0.788,96.205,99.66
HLA-DRB1*07:01,TGWAPTRTLKDVVWG,UBE2F_1,WAPTRTLKD,CMV,CMV-UL8,YDGNYEFTETANTTR,YEFTETANT,5,52,1.16,0.788,97.397,99.66
HLA-DRB1*07:01,YQRLLQTIAVLEAQR,ZZZ3_11,LLQTIAVLE,RSV,RSV-M,IIPTYLRSISVRNKD,YLRSISVRN,12,39,0.459,1.69,98.718,97.087
HLA-DRB1*07:01,NKHLFKPSTFMTSHE,ZZZ3_11,FKPSTFMTS,RSV,RSV-L,FPRNYMPSHIQNYIE,YMPSHIQNY,9,47,1.72,0.51,98.388,95.044
HLA-DRB1*07:01,KPSTFMTSHEPPVYM,ZZZ3_11,FMTSHEPPV,RSV,RSV-L,FPRNYMPSHIQNYIE,YMPSHIQNY,12,51,0.477,0.51,99.429,95.044
HLA-DRB1*07:01,DRSCFHSHMNTAVED,ZZZ3_11,FHSHMNTAV,RSV,RSV-F,TEEFYQTTCSAVSKG,FYQTTCSAV,11,50,1.28,0.304,96.396,97.437
